{
  "timestamp": "2025-09-28T06:21:13.916Z",
  "hashResults": {
    "success": true,
    "simdLevel": "Neon",
    "testedSizes": [
      1024,
      10240,
      102400,
      1024000
    ]
  },
  "watcherResults": {
    "small": {
      "chokidar": {
        "success": true,
        "eventsReceived": 20,
        "expectedEvents": 20,
        "totalTimeMs": 0.8477499999999978,
        "firstEventLatencyMs": 0.6937080000000009,
        "avgLatencyMs": 0.04238749999999989,
        "eventsPerSecond": 23591.860808021294,
        "avgMemoryMB": 0,
        "peakMemoryMB": 0,
        "samples": 0
      },
      "parcel-watcher": {
        "success": true,
        "eventsReceived": 20,
        "expectedEvents": 20,
        "totalTimeMs": 65.86475000000002,
        "firstEventLatencyMs": 5.648250000000019,
        "avgLatencyMs": 3.293237500000001,
        "eventsPerSecond": 303.6525607400012,
        "avgMemoryMB": 58.634375,
        "peakMemoryMB": 58.671875,
        "samples": 5
      },
      "node-fs-watch": {
        "success": true,
        "eventsReceived": 20,
        "expectedEvents": 20,
        "totalTimeMs": 1.2907920000000104,
        "firstEventLatencyMs": 1.068916999999999,
        "avgLatencyMs": 0.06453960000000052,
        "eventsPerSecond": 15494.363150685655,
        "avgMemoryMB": 58.71875,
        "peakMemoryMB": 58.71875,
        "samples": 2
      }
    },
    "medium": {
      "chokidar": {
        "success": true,
        "eventsReceived": 20,
        "expectedEvents": 20,
        "totalTimeMs": 0.4938330000000519,
        "firstEventLatencyMs": 0.30229200000002265,
        "avgLatencyMs": 0.024691650000002598,
        "eventsPerSecond": 40499.521093158815,
        "avgMemoryMB": 0,
        "peakMemoryMB": 0,
        "samples": 0
      },
      "parcel-watcher": {
        "success": true,
        "eventsReceived": 20,
        "expectedEvents": 20,
        "totalTimeMs": 66.27370899999994,
        "firstEventLatencyMs": 66.269542,
        "avgLatencyMs": 3.313685449999997,
        "eventsPerSecond": 301.7787943632371,
        "avgMemoryMB": 73.64375,
        "peakMemoryMB": 73.65625,
        "samples": 5
      },
      "node-fs-watch": {
        "success": true,
        "eventsReceived": 20,
        "expectedEvents": 20,
        "totalTimeMs": 1.6290420000000267,
        "firstEventLatencyMs": 0.9738340000000107,
        "avgLatencyMs": 0.08145210000000133,
        "eventsPerSecond": 12277.154302958224,
        "avgMemoryMB": 73.671875,
        "peakMemoryMB": 73.671875,
        "samples": 2
      }
    },
    "large": {
      "chokidar": {
        "success": true,
        "eventsReceived": 20,
        "expectedEvents": 20,
        "totalTimeMs": 0.5187499999999545,
        "firstEventLatencyMs": 0.36037499999997635,
        "avgLatencyMs": 0.025937499999997726,
        "eventsPerSecond": 38554.21686747325,
        "avgMemoryMB": 103.46875,
        "peakMemoryMB": 103.46875,
        "samples": 1
      },
      "parcel-watcher": {
        "success": true,
        "eventsReceived": 20,
        "expectedEvents": 20,
        "totalTimeMs": 4.141209000000117,
        "firstEventLatencyMs": 4.13933400000019,
        "avgLatencyMs": 0.20706045000000586,
        "eventsPerSecond": 4829.507518214955,
        "avgMemoryMB": 105.546875,
        "peakMemoryMB": 105.546875,
        "samples": 4
      },
      "node-fs-watch": {
        "success": true,
        "eventsReceived": 20,
        "expectedEvents": 20,
        "totalTimeMs": 1.2500410000000102,
        "firstEventLatencyMs": 0.8278330000000551,
        "avgLatencyMs": 0.0625020500000005,
        "eventsPerSecond": 15999.475217212746,
        "avgMemoryMB": 105.546875,
        "peakMemoryMB": 105.546875,
        "samples": 2
      }
    }
  },
  "summary": {
    "retriggerFileWatcherWorking": false,
    "hashEngineWorking": true,
    "competitorLatencies": {
      "chokidar": {
        "firstMs": 0.6937080000000009,
        "avgMs": 0.04238749999999989
      },
      "parcel-watcher": {
        "firstMs": 5.648250000000019,
        "avgMs": 3.293237500000001
      },
      "node-fs-watch": {
        "firstMs": 1.068916999999999,
        "avgMs": 0.06453960000000052
      }
    }
  }
}